"","","","","","","","","","","",""
"","Exports, FOB to Partner Countries","","","","","","","","","",""
"","","","","","","","","","","",""
"","World","","","","","","","","","",""
"","US Dollars, Millions","","","","","","","","","",""
"","","","","","","","","","","",""
"","","2010","2011","2012","2013","2014","2015","2016","2017","2018","2019"
"","World","15,199,786.85","18,165,168.75","18,316,465.09","18,697,076.57","18,793,110.62","16,369,887.55","15,822,610.34","17,494,446.31","19,275,719.33","18,799,677.36"
"","Advanced Economies","9,741,050.86","11,437,402.57","11,340,111.85","11,494,196.76","11,611,659.00","10,221,991.09","9,982,575.40","10,857,716.91","11,937,418.69","11,575,173.62"
"","Euro Area","4,006,423.71","4,649,521.49","4,397,477.28","4,445,002.67","4,516,915.77","3,862,040.31","3,822,478.89","4,227,239.60","4,724,200.59","4,552,315.84"
"","Austria","150,420.87","177,044.49","167,362.65","170,892.92","170,941.05","148,897.41","151,071.03","167,303.50","183,952.91","177,664.37"
"","Belgium","370,221.27","439,531.91","413,634.61","422,675.71","430,980.75","360,748.60","355,880.36","382,598.30","423,877.22","403,950.53"
"","Belgium-Luxembourg","20.68","34.63","37.48","26.45","25.59","2,127.90","","","",""
"","Cyprus","13,947.38","14,987.11","14,577.78","13,807.55","11,716.22","9,100.02","8,943.52","11,250.92","13,515.19","11,839.58"
"","Estonia, Rep. of","14,004.60","20,630.45","23,026.88","22,809.45","22,166.30","17,259.11","17,611.91","19,423.10","21,197.21","20,448.39"
"","Finland","73,720.63","86,612.95","82,460.99","82,359.48","80,918.79","62,870.58","61,929.88","70,056.17","78,080.24","73,495.56"
"","France","628,925.02","733,118.21","683,225.32","689,651.19","681,895.60","583,580.78","581,446.76","634,782.39","690,198.43","666,320.76"
"","Germany","1,019,502.44","1,186,240.00","1,132,424.78","1,148,556.97","1,185,667.23","1,040,331.63","1,038,603.93","1,141,569.00","1,263,459.48","1,221,619.02"
"","Greece","60,861.93","64,129.51","60,655.38","59,805.89","61,133.58","48,230.74","49,261.13","55,811.76","66,295.13","66,572.73"
"","Ireland","63,770.26","69,215.28","67,368.20","73,090.63","76,813.69","71,538.24","71,088.17","77,179.51","90,472.05","82,005.85"
"","Italy","496,410.07","558,628.60","500,628.73","500,885.74","502,682.02","423,611.99","421,637.63","468,589.70","526,551.55","497,600.07"
"","Latvia","17,837.12","25,821.10","29,100.28","29,419.42","32,056.12","22,751.94","20,159.31","22,043.14","23,879.71","23,418.49"
"","Lithuania","18,457.65","28,320.98","28,566.66","31,498.80","30,447.81","25,217.47","25,530.40","29,999.69","34,603.39","32,989.48"
"","Luxembourg","26,043.96","30,353.87","28,066.65","28,207.90","28,624.06","23,742.34","22,443.25","24,607.88","27,903.61","28,095.90"
"","Malta","13,651.09","17,563.99","16,920.88","17,929.44","19,587.13","18,437.75","13,822.99","15,960.49","19,232.53","18,425.11"
"","Netherlands, The","548,497.11","648,452.32","648,489.06","640,538.99","643,675.80","527,419.61","504,453.81","573,687.26","665,022.98","638,065.29"
"","Portugal","76,908.20","82,735.08","71,188.65","76,225.47","77,573.33","67,444.71","68,249.44","78,556.25","87,959.52","89,482.32"
"","Slovak Rep.","63,342.45","76,678.00","76,252.12","79,912.12","81,042.31","73,400.21","72,034.74","78,145.74","87,272.22","85,709.25"
"","Slovenia, Rep. of","26,525.41","32,057.28","29,575.89","30,768.84","32,681.11","29,648.78","31,229.99","36,511.78","42,737.75","43,160.63"
"","Spain","323,355.58","357,365.74","323,914.29","325,939.71","346,287.29","305,680.50","307,080.64","339,163.04","377,989.47","371,452.54"
"","Australia","177,017.48","215,615.30","229,391.32","218,261.19","213,413.44","192,037.15","181,545.80","206,216.51","217,471.15","204,509.19"
"","Canada","383,938.93","436,666.61","452,844.94","457,499.20","461,062.96","413,705.00","397,949.60","425,051.85","457,923.54","453,685.43"
"","China, P.R.: Hong Kong","496,056.33","585,948.88","651,966.04","758,155.74","709,551.48","648,197.00","606,316.89","629,081.78","670,108.54","603,241.32"
"","China, P.R.: Macao","14,553.77","14,401.12","9,085.71","12,703.03","13,305.27","12,981.24","10,787.60","11,601.67","13,262.98","14,964.21"
"","Czech Rep.","118,927.68","141,180.10","133,388.26","137,617.60","146,534.30","132,523.22","135,654.47","153,241.37","175,377.66","169,418.59"
"","Denmark","83,253.63","96,875.24","93,147.10","96,409.05","101,877.20","86,856.22","85,913.93","96,160.21","106,732.04","100,215.25"
"","Holy See","57.03","67.71","69.17","58.74","54.96","40.44","42.70","61.47","61.81","31.66"
"","Iceland","4,461.01","5,757.39","4,909.24","4,384.72","4,667.60","5,105.87","5,714.62","6,495.90","6,978.46","5,970.46"
"","Israel","56,809.06","68,583.79","68,537.80","68,195.01","71,867.59","64,315.24","67,357.86","69,120.00","74,749.89","74,534.55"
"","Japan","623,365.34","776,378.66","805,062.24","776,394.58","753,016.16","596,178.74","557,705.74","608,635.09","678,620.73","650,494.10"
"","Korea, Rep. of","399,222.43","492,233.08","502,322.63","491,956.35","500,274.41","422,825.16","398,382.14","457,788.46","503,665.60","479,857.36"
"","New Zealand","27,563.90","32,739.04","33,383.87","34,633.51","38,050.00","33,408.24","32,114.63","36,158.74","40,000.90","38,940.45"
"","Norway","74,338.80","86,229.19","83,917.70","87,508.25","87,110.33","74,751.99","73,146.11","78,195.46","84,518.88","84,148.69"
"","San Marino, Rep. of","325.37","356.57","332.58","314.96","308.50","273.20","265.96","301.67","317.81","332.36"
"","Singapore","274,467.06","328,585.92","343,205.15","355,132.95","357,887.37","295,837.92","276,223.26","308,694.07","336,865.20","325,238.78"
"","Sweden","137,980.03","164,242.08","152,642.39","151,450.89","155,244.12","133,472.51","135,001.00","147,311.89","161,657.66","152,826.33"
"","Switzerland","232,947.07","300,912.14","288,658.46","319,607.20","273,095.73","256,514.40","257,639.63","268,199.14","276,718.67","277,307.68"
"","Taiwan Province of China","225,798.45","255,711.04","248,350.33","247,846.83","254,563.76","220,103.62","206,984.09","226,368.09","256,970.70","261,329.72"
"","United Kingdom","578,460.85","672,734.78","687,534.60","669,038.37","692,745.78","641,721.05","647,854.31","657,373.99","686,985.13","697,050.92"
"","United States","1,825,082.92","2,112,662.45","2,153,885.03","2,162,025.91","2,260,112.27","2,129,102.58","2,083,496.16","2,244,419.94","2,464,230.76","2,428,760.73"
"","Emerging and Developing Economies","5,259,403.70","6,440,832.45","6,766,026.80","6,974,096.72","6,986,059.01","6,014,968.29","5,714,261.44","6,488,574.51","7,142,581.48","7,040,355.26"
"","Emerging and Developing Asia","2,359,959.01","2,902,098.19","3,048,008.29","3,159,411.88","3,166,485.92","2,793,729.41","2,685,373.68","3,158,042.25","3,564,198.30","3,495,193.80"
"","American Samoa","92.59","234.61","240.99","256.82","226.85","160.45","227.14","142.54","184.17","212.40"
"","Bangladesh","27,376.98","34,371.98","32,950.66","36,846.97","42,335.77","42,453.66","43,632.64","50,630.72","57,751.06","58,128.83"
"","Bhutan","261.70","340.17","319.10","381.31","369.06","548.11","496.67","480.03","773.57","776.11"
"","Brunei Darussalam","2,901.57","5,842.21","5,896.90","7,755.02","6,559.05","5,548.34","3,355.98","2,798.75","4,568.03","4,617.68"
"","Cambodia","9,970.17","11,502.35","13,957.64","15,492.17","15,920.08","16,478.25","16,233.23","20,848.89","27,635.57","28,301.48"
"","China, P.R.: Mainland","1,253,312.24","1,534,548.72","1,563,259.41","1,651,350.36","1,646,028.73","1,439,871.81","1,378,644.60","1,648,924.87","1,860,294.75","1,824,119.52"
"","Fiji, Rep. of","1,452.01","1,884.00","1,965.08","2,410.64","2,228.92","2,034.62","2,031.39","2,116.36","2,492.26","2,524.41"
"","French Polynesia","1,527.26","1,746.36","1,630.20","1,568.46","1,628.93","1,344.50","1,378.07","1,468.76","1,768.94","1,985.42"
"","Guam","931.16","1,080.60","1,167.60","917.61","1,170.97","798.63","766.03","1,006.40","957.55","882.77"
"","India","349,635.81","436,242.31","475,965.95","446,796.90","443,348.13","373,398.00","346,619.91","419,068.18","484,210.08","455,279.55"
"","Indonesia","142,541.44","184,055.30","202,107.30","197,419.42","188,570.22","149,330.36","140,514.00","150,536.02","181,984.32","173,744.01"
"","Kiribati","98.44","142.15","156.32","181.94","181.06","182.02","136.82","128.01","106.47","97.71"
"","Lao People's Dem. Rep.","3,253.49","4,171.57","5,763.66","6,633.00","7,241.30","6,818.54","6,041.27","6,521.55","6,914.72","6,857.21"
"","Malaysia","175,071.40","202,237.29","216,283.66","227,910.25","224,329.02","189,319.53","173,140.41","202,504.50","217,993.66","220,912.82"
"","Maldives","1,124.03","1,376.54","1,446.69","1,521.54","1,742.63","1,548.35","1,847.66","2,027.89","2,402.38","2,332.56"
"","Marshall Islands, Rep. of the","656.23","464.33","431.73","637.07","1,596.26","1,554.42","4,373.07","13,813.09","12,892.54","11,587.42"
"","Micronesia, Federated States of","688.63","918.54","554.98","495.30","456.11","334.40","505.95","589.42","602.14","200.27"
"","Mongolia","3,478.75","6,363.24","7,121.82","6,267.62","5,337.85","3,913.01","3,115.74","4,168.93","5,199.64","5,687.01"
"","Myanmar","9,053.94","12,547.72","15,569.33","18,683.93","22,297.72","22,313.83","22,054.12","24,500.03","28,431.53","29,297.93"
"","Nauru, Rep. of","22.87","39.23","48.85","155.24","138.71","83.86","47.86","47.74","93.42","49.87"
"","Nepal","3,460.29","4,928.19","6,156.43","6,867.77","8,078.98","5,526.50","6,585.00","8,048.70","10,144.05","10,198.92"
"","New Caledonia","2,936.77","3,105.77","2,776.91","2,613.26","2,808.68","2,297.38","2,045.82","2,167.10","2,447.20","2,528.03"
"","Palau, Rep. of","35.52","49.47","26.64","75.73","55.12","78.55","140.99","108.63","127.28","127.94"
"","Papua New Guinea","4,568.49","6,416.87","8,111.89","6,254.18","5,587.10","5,115.92","4,499.36","4,599.47","4,795.30","4,761.71"
"","Philippines","79,946.67","90,102.85","97,958.05","101,502.17","109,044.66","100,250.21","107,715.43","121,717.61","134,971.30","135,251.07"
"","Samoa","354.97","379.93","382.03","355.73","341.67","322.05","348.87","381.94","404.54","452.55"
"","Solomon Islands","314.99","428.12","457.85","461.42","424.59","390.28","418.29","448.50","514.24","467.53"
"","Sri Lanka","14,158.97","20,442.83","18,982.77","19,536.68","22,609.26","21,152.34","18,197.38","20,134.08","21,423.55","18,602.36"
"","Thailand","164,370.41","202,490.44","226,075.37","227,061.27","208,083.92","189,057.86","178,828.25","203,457.62","228,802.83","216,433.62"
"","Timor-Leste, Dem. Rep. of","919.53","608.80","676.32","457.26","530.85","592.11","357.61","402.15","314.75","552.32"
"","Tonga","145.91","172.95","184.60","197.56","194.93","177.13","201.15","137.78","213.62","216.24"
"","Tuvalu","73.02","72.69","211.71","107.14","121.37","76.80","57.73","78.96","86.78","91.12"
"","Vanuatu","966.86","511.49","657.47","983.91","708.18","380.09","366.91","478.46","321.96","290.37"
"","Vietnam","92,488.87","116,828.66","126,970.12","155,273.57","180,657.30","194,129.16","202,417.58","236,609.10","258,786.29","271,820.88"
"","Asia not specified","11,767.07","15,449.90","11,542.27","13,982.66","15,531.93","16,148.36","18,030.76","6,949.44","3,587.80","5,804.18"
"","Emerging and Developing Europe","883,147.30","1,129,989.15","1,150,766.52","1,181,300.78","1,147,623.00","908,195.13","907,495.95","1,061,457.44","1,164,889.54","1,156,103.89"
"","Albania","4,004.71","4,601.16","4,499.57","4,424.35","4,725.57","4,144.60","4,503.72","4,997.72","5,683.93","5,618.58"
"","Belarus, Rep. of","13,924.18","26,205.18","39,787.89","36,003.24","34,432.07","24,337.99","23,168.70","28,711.18","33,351.51","32,890.55"
"","Bosnia and Herzegovina","7,539.22","9,061.51","8,583.82","8,932.34","9,548.45","7,707.98","7,868.33","8,962.57","9,863.41","9,708.89"
"","Bulgaria","24,331.86","30,638.30","31,251.48","30,831.51","32,015.73","28,525.33","29,695.23","34,892.86","38,205.10","37,449.83"
"","Croatia, Rep. of","19,780.68","22,561.12","19,843.49","20,716.44","22,540.36","20,789.37","21,544.81","25,767.99","30,180.62","30,605.43"
"","Czechoslovakia","47.40","44.54","30.00","28.46","26.92","23.59","","","",""
"","Faroe Islands","711.09","860.42","1,035.55","993.16","1,017.49","964.00","922.92","970.92","1,119.85","1,201.92"
"","Gibraltar","10,257.90","16,038.68","18,808.89","17,904.72","13,972.21","9,277.94","7,967.65","8,855.25","9,662.79","8,552.38"
"","Hungary","83,417.18","97,510.98","91,171.94","96,814.10","102,774.75","91,620.38","93,482.17","104,884.00","118,170.38","117,355.62"
"","Kosovo, Rep. of","2,293.72","2,730.47","2,095.71","2,121.53","2,115.75","1,780.56","1,939.53","2,189.08","2,440.56","2,545.87"
"","Moldova, Rep. of","3,696.81","4,645.44","5,920.16","6,313.61","6,349.56","4,462.77","4,269.32","5,028.88","6,005.47","6,139.47"
"","Montenegro","2,298.37","2,617.59","2,475.52","2,594.39","2,712.41","2,183.96","2,455.56","2,380.61","2,278.38","3,084.27"
"","North Macedonia, Republic of","4,585.03","5,679.47","5,582.94","5,843.02","6,546.62","5,903.96","6,260.29","7,201.91","8,314.91","8,667.99"
"","Poland, Rep. of","183,185.09","223,990.82","208,200.23","217,998.42","231,547.00","207,072.73","213,471.58","243,819.54","281,020.24","278,249.84"
"","Romania","58,405.85","72,845.59","68,184.35","71,588.88","77,352.33","69,744.12","73,578.78","83,665.68","97,723.75","96,756.63"
"","Russian Federation","223,487.15","302,028.88","317,968.69","321,390.05","292,845.50","182,059.54","178,768.97","214,633.33","227,566.08","232,450.86"
"","Serbia, Rep. of","13,029.78","16,581.84","15,968.74","17,164.15","17,933.73","16,285.70","16,755.67","19,983.51","23,410.69","23,858.64"
"","Turkey","169,708.50","214,294.75","221,148.98","234,591.83","227,054.29","190,804.99","179,054.92","212,558.82","208,638.22","199,268.82"
"","Yugoslavia","4.90","33.57","4.29","3.43","0.98","4.96","5.16","","",""
"","Ukraine","55,369.14","74,022.15","85,285.51","81,916.87","58,808.16","37,658.20","38,765.08","48,652.24","57,447.29","57,920.49"
"","USSR","0.07","","","0.00","","","","","",""
"","Sub-Saharan Africa","300,063.09","394,219.85","394,160.86","411,340.20","427,038.92","354,074.80","308,745.93","326,631.34","356,833.77","364,457.44"
"","Angola","16,113.60","18,389.36","21,581.55","24,174.55","28,706.12","18,980.96","11,791.17","12,135.74","10,652.02","9,518.56"
"","Benin","6,579.51","9,855.51","6,627.55","8,013.54","8,792.03","6,961.01","5,225.37","5,847.94","5,672.20","5,134.38"
"","Botswana","5,545.20","6,487.18","7,585.48","7,657.05","7,305.46","6,635.99","5,651.91","5,559.63","5,818.95","6,196.82"
"","Burkina Faso","1,508.20","2,335.16","2,471.70","3,164.17","2,914.24","2,379.25","2,505.12","3,053.89","3,053.68","3,037.31"
"","Burundi","428.14","441.03","492.23","472.51","518.59","424.27","443.13","477.68","490.85","569.14"
"","Cabo Verde","782.83","955.08","710.21","778.26","772.01","556.89","664.76","727.30","779.71","911.10"
"","Cameroon","4,616.74","6,144.75","6,743.21","7,246.91","7,643.50","6,128.31","5,521.20","5,736.34","6,443.75","5,953.05"
"","Central African Rep.","420.29","720.62","342.44","416.14","305.64","607.09","259.51","256.40","312.26","353.21"
"","Chad","1,196.33","919.66","860.35","1,213.70","1,341.85","850.57","602.20","589.83","803.11","977.52"
"","Comoros, Union of the","258.64","238.27","243.57","231.95","251.66","425.53","504.72","357.12","522.73","308.37"
"","Congo, Dem. Rep. of the","3,871.21","5,191.04","6,137.89","7,043.11","6,773.85","6,112.14","5,003.48","4,979.97","7,635.97","8,327.32"
"","Congo, Rep. of","3,333.97","4,708.00","4,228.13","4,610.19","6,340.06","5,311.27","4,851.73","2,520.79","2,475.94","2,274.56"
"","Côte d'Ivoire","7,117.62","7,036.46","8,558.72","10,494.42","10,250.73","9,480.71","8,862.21","10,085.42","11,177.47","11,148.69"
"","Equatorial Guinea, Rep. of","2,441.51","2,497.68","2,318.91","3,143.03","2,593.77","1,725.28","1,275.64","838.40","1,055.57","997.22"
"","Eritrea, The State of","456.13","512.83","481.40","526.41","364.66","404.70","254.20","267.27","361.33","341.78"
"","Eswatini, Kingdom of","2,098.93","1,913.00","1,779.76","1,728.68","1,806.16","1,619.54","1,478.94","1,638.54","1,718.66","1,648.09"
"","Ethiopia, The Federal Dem. Rep. of","5,228.25","5,677.61","7,333.97","6,902.25","11,113.22","13,772.92","13,184.53","13,067.15","14,264.89","14,594.71"
"","Gabon","2,876.47","3,693.88","3,639.21","4,752.57","4,447.53","3,277.43","2,760.23","2,215.60","2,591.43","2,328.37"
"","Gambia, The","759.81","1,055.79","938.40","1,022.06","1,126.95","950.79","946.50","1,207.31","1,259.03","1,435.84"
"","Ghana","12,101.72","16,923.61","20,723.98","18,771.28","17,693.83","15,888.40","15,142.57","15,713.92","15,852.39","14,730.12"
"","Guinea","2,212.12","3,274.11","3,490.81","3,921.34","3,801.34","3,519.27","3,898.02","4,436.77","4,600.93","4,594.45"
"","Guinea-Bissau","225.05","304.58","297.25","303.71","392.09","257.71","303.82","316.28","301.50","329.96"
"","Kenya","14,567.71","18,618.46","21,079.81","21,210.40","25,040.01","21,184.29","18,033.68","18,425.78","20,319.54","18,861.13"
"","Lesotho, Kingdom of","1,605.95","1,841.37","1,867.47","1,689.64","1,571.41","1,426.83","1,369.28","1,549.88","1,506.69","1,609.44"
"","Liberia","16,581.66","18,229.65","14,833.57","13,587.44","11,917.03","8,670.73","10,063.32","8,632.33","9,812.53","12,337.07"
"","Madagascar, Rep. of","2,443.82","3,315.84","3,457.83","3,820.07","3,980.72","3,174.59","3,124.87","3,713.70","3,589.31","3,761.02"
"","Malawi","1,329.88","1,447.14","1,743.97","1,929.07","1,661.85","1,585.26","1,500.23","1,663.67","1,632.92","1,720.55"
"","Mali","2,396.76","2,670.58","2,704.73","2,950.02","3,222.63","3,133.88","3,691.83","3,490.13","3,557.74","4,311.64"
"","Mauritius","3,986.53","5,481.75","5,279.22","4,732.75","5,481.55","4,625.26","4,260.86","4,702.93","4,972.75","5,288.46"
"","Mozambique, Rep. of","5,710.66","8,203.62","8,909.44","11,891.39","13,162.23","10,399.08","8,028.96","9,351.44","10,851.53","13,104.82"
"","Namibia","5,359.71","6,230.95","6,577.15","8,065.93","8,154.96","7,325.28","6,353.57","5,505.50","5,783.70","5,273.18"
"","Niger","1,237.86","1,214.49","1,241.90","1,416.38","1,667.50","1,328.58","976.84","1,139.59","1,207.74","1,452.27"
"","Nigeria","36,858.01","49,186.12","44,335.44","49,826.42","53,730.63","41,499.65","32,140.91","38,527.94","43,208.85","48,198.82"
"","Rwanda","915.13","1,134.92","1,263.32","1,340.99","1,484.85","1,351.16","1,444.33","1,268.09","1,622.20","1,579.18"
"","São Tomé and Príncipe, Dem. Rep. of","164.89","193.84","158.34","160.29","174.54","147.22","149.83","131.64","133.73","135.79"
"","Senegal","6,087.43","8,257.11","8,903.32","8,666.59","9,044.54","8,498.00","8,563.44","9,747.18","11,269.67","11,584.96"
"","Seychelles","1,130.39","1,404.35","1,044.15","1,057.48","1,019.64","1,088.27","972.25","1,141.37","1,268.43","2,658.86"
"","Sierra Leone","824.81","1,511.08","1,583.06","1,419.78","1,372.73","1,349.69","1,006.93","1,120.42","1,120.78","1,244.79"
"","South Africa","95,963.63","125,461.02","124,484.40","120,313.24","115,066.65","94,162.13","84,130.40","89,471.87","97,287.45","96,652.90"
"","South Sudan, Rep. of","","5.19","93.51","267.74","211.90","504.33","377.99","651.07","606.39","773.14"
"","Tanzania, United Rep. of","8,419.96","11,880.19","12,132.99","15,213.80","16,099.70","12,406.25","11,155.17","11,613.03","13,322.64","13,375.42"
"","Togo","3,521.21","9,781.36","9,603.09","10,113.98","12,830.17","10,793.15","7,646.36","8,975.53","10,833.94","10,567.70"
"","Uganda","2,958.69","3,830.34","3,867.11","3,738.63","3,764.75","3,654.98","3,697.10","4,088.82","4,338.99","4,638.49"
"","Zambia","3,773.53","5,536.25","5,862.65","6,592.59","6,631.53","5,272.13","5,035.18","5,144.16","6,441.03","6,096.43"
"","Zimbabwe","3,533.78","4,374.96","4,443.13","4,250.72","4,117.36","3,870.40","3,438.35","3,574.56","3,883.33","3,173.02"
"","Africa not specified","518.82","5,134.05","1,104.55","497.07","374.73","353.62","453.33","971.40","417.50","347.80"
"","Western Hemisphere","865,446.80","1,056,386.15","1,102,524.32","1,108,634.39","1,102,596.87","969,043.80","892,007.88","976,824.22","1,066,759.04","1,024,412.91"
"","Anguilla","32.99","28.01","31.33","89.14","38.71","32.81","43.62","98.81","152.25","195.17"
"","Antigua and Barbuda","1,891.09","1,925.53","2,052.34","1,658.37","1,376.39","1,459.03","1,005.82","1,112.75","1,218.24","1,157.18"
"","Argentina","53,392.00","68,505.90","62,440.98","69,075.35","58,667.67","54,160.31","51,005.28","62,201.15","60,122.12","45,728.35"
"","Aruba, Kingdom of the Netherlands","1,230.07","3,725.22","3,099.11","3,697.61","4,145.12","2,801.34","1,949.16","2,002.71","1,564.22","1,464.06"
"","Bahamas, The","10,993.22","11,760.30","11,227.90","9,607.49","10,845.83","9,743.73","7,296.17","8,975.12","9,800.52","10,667.79"
"","Barbados","1,758.16","2,212.56","1,377.56","1,832.10","1,688.70","1,567.52","1,330.49","1,587.86","1,490.74","1,312.88"
"","Belize","702.08","977.69","1,342.99","1,204.33","1,067.46","976.24","955.44","1,023.32","996.64","1,063.67"
"","Bermuda","3,991.66","3,737.28","2,849.67","2,855.02","3,416.86","3,878.75","3,050.79","2,107.49","1,627.55","1,243.68"
"","Bolivia","5,103.49","7,007.59","7,088.82","8,173.93","8,770.46","7,401.46","7,540.06","8,126.57","7,299.09","6,962.19"
"","Brazil","187,498.99","232,767.40","235,593.62","240,076.17","229,438.32","167,008.56","143,251.61","166,376.06","185,380.12","185,895.81"
"","Chile","51,777.50","66,716.55","71,872.49","70,169.30","65,458.63","59,329.51","55,919.33","61,889.91","71,591.39","68,001.43"
"","Colombia","37,673.06","49,050.06","52,233.03","54,150.07","57,877.61","48,001.58","41,759.11","44,142.54","48,910.48","49,927.58"
"","Costa Rica","11,724.22","13,849.34","14,620.61","14,909.65","14,475.31","13,153.03","13,376.73","13,662.31","14,223.75","13,364.71"
"","Curaçao, Kingdom of the Netherlands","6.31","214.55","112.84","195.74","604.07","612.15","654.85","1,108.48","1,579.75","1,042.51"
"","Dominica","490.71","433.61","433.39","409.85","459.43","459.74","471.72","597.07","742.70","599.13"
"","Dominican Rep.","13,780.10","15,473.78","14,801.61","14,666.14","15,663.40","14,901.66","15,958.14","16,188.65","18,479.97","19,113.53"
"","Ecuador","17,833.18","20,538.01","21,774.66","22,944.21","23,553.64","18,389.83","14,440.21","18,259.83","21,203.43","20,081.73"
"","El Salvador","6,705.82","8,699.07","9,293.36","8,588.02","8,473.06","8,410.96","7,995.19","8,337.78","9,598.74","9,703.38"
"","Falkland Islands (Malvinas)","109.37","189.21","132.99","131.95","195.39","253.35","84.82","116.75","130.28","95.56"
"","Greenland","877.53","1,000.57","857.34","864.95","857.66","656.58","734.41","748.68","811.21","1,027.68"
"","Grenada","214.01","227.58","226.70","263.04","279.12","254.25","204.09","230.10","249.49","350.17"
"","Guatemala","11,390.22","14,695.67","14,514.14","14,612.48","14,927.05","15,105.44","14,578.50","16,177.24","16,802.02","17,182.90"
"","Guyana","1,234.79","1,533.74","1,351.38","1,568.81","1,502.53","1,191.92","1,115.67","1,106.15","1,335.51","1,902.20"
"","Haiti","3,699.53","4,059.26","3,831.71","4,111.48","4,160.87","4,037.83","3,687.96","4,446.05","4,590.35","3,796.17"
"","Honduras","8,479.97","10,992.49","11,274.93","10,528.39","11,008.01","10,518.53","9,861.02","10,458.75","11,514.02","11,619.42"
"","Jamaica","4,633.82","5,496.76","5,981.93","5,894.05","5,339.26","4,138.47","4,095.42","4,965.34","5,653.90","5,334.06"
"","Mexico","256,059.23","309,417.38","331,170.83","343,822.55","368,902.22","365,654.25","359,835.95","386,080.44","422,914.18","412,799.12"
"","Montserrat","4.56","7.20","5.77","18.47","17.06","9.77","30.47","17.21","31.08","22.66"
"","Netherlands Antilles","8,193.19","4,705.93","4,467.13","3,456.51","9,509.94","5,167.61","3,990.62","3,021.88","3,197.96","861.13"
"","Nicaragua","4,112.40","5,156.18","5,761.27","5,672.85","5,761.25","6,025.86","6,098.02","6,168.87","5,654.02","5,413.95"
"","Panama","56,435.07","64,719.00","70,238.97","64,679.81","53,823.12","40,532.48","34,919.88","38,651.58","43,717.02","42,793.94"
"","Paraguay","8,616.51","10,259.60","9,564.62","10,183.64","10,571.10","8,672.47","8,534.52","10,646.68","10,900.46","9,357.78"
"","Peru","27,855.98","35,505.09","38,899.75","39,384.61","37,981.12","35,260.90","32,707.78","36,097.45","38,750.96","38,598.93"
"","Sint Maarten, Kingdom of the Netherlands","","19.54","27.46","170.50","155.16","151.84","159.83","532.58","908.22","901.19"
"","St. Kitts and Nevis","343.73","927.32","312.31","512.02","512.93","395.63","364.48","394.03","370.73","363.50"
"","St. Lucia","3,508.38","3,611.15","2,017.32","1,081.29","2,377.34","1,583.48","1,085.39","1,686.40","2,047.38","2,063.09"
"","St. Vincent and the Grenadines","560.61","574.42","448.28","532.79","548.79","427.77","342.30","359.30","363.62","330.13"
"","Suriname","1,425.91","1,631.71","1,885.36","2,125.05","1,789.07","1,688.56","990.54","1,149.33","1,296.10","1,470.69"
"","Trinidad and Tobago","5,100.22","7,294.48","6,598.67","7,013.37","6,417.21","6,349.89","5,882.79","5,603.74","5,771.69","6,995.56"
"","Uruguay","9,668.90","12,089.11","13,710.79","14,493.12","14,156.84","14,282.18","12,631.98","13,497.40","14,670.73","10,931.19"
"","Venezuela, Rep. Bolivariana de","35,382.98","45,436.01","59,183.64","47,154.85","39,268.41","28,435.37","15,262.87","10,400.33","11,237.42","5,903.99"
"","Western Hemisphere not specified","10,955.23","9,214.27","7,814.70","6,055.33","6,514.72","5,961.15","6,804.89","6,469.55","7,859.04","6,773.11"
"","Emerging and Developing Europe","883,147.30","1,129,989.15","1,150,766.52","1,181,300.78","1,147,623.00","908,195.13","907,495.95","1,061,457.44","1,164,889.54","1,156,103.89"
"","Middle East and Central Asia","850,787.50","958,139.11","1,070,566.82","1,113,409.47","1,142,314.30","989,925.13","920,638.00","965,619.27","989,900.82","1,000,187.22"
"","Afghanistan, Islamic Rep. of","8,951.07","12,057.29","9,602.94","8,456.84","8,490.61","8,023.61","7,638.24","7,785.84","7,819.63","7,343.13"
"","Algeria","38,980.21","44,488.67","50,262.04","53,218.13","56,459.08","47,661.38","48,171.28","46,921.15","49,821.88","43,091.83"
"","Armenia, Rep. of","2,239.49","2,509.29","3,051.34","3,277.11","3,399.71","2,638.90","2,457.75","3,112.56","3,754.51","4,078.77"
"","Azerbaijan, Rep. of","9,600.15","12,030.34","14,440.68","16,243.96","15,869.61","11,496.78","7,766.76","8,132.09","10,258.76","12,504.78"
"","Bahrain, Kingdom of","16,019.95","20,728.23","23,618.04","22,524.90","22,083.55","16,245.87","13,990.78","15,725.69","19,751.30","18,255.55"
"","Djibouti","3,109.11","4,283.71","4,995.67","4,705.03","4,771.51","4,831.97","5,060.71","5,344.01","5,106.28","6,342.57"
"","Egypt, Arab Rep. of","62,505.48","66,887.91","72,151.11","68,197.32","79,917.40","72,854.44","70,157.45","73,285.43","79,021.56","79,527.36"
"","Georgia","5,612.14","8,159.55","9,029.40","9,416.83","9,458.61","7,475.12","7,658.87","8,329.16","9,372.38","10,262.04"
"","Iran, Islamic Rep. of","76,427.88","71,564.80","67,814.73","57,408.90","67,362.21","51,652.40","52,947.75","60,238.53","51,195.97","33,017.57"
"","Iraq","32,014.23","31,283.45","37,022.44","41,198.19","40,735.70","34,081.38","28,845.13","32,704.66","33,363.37","36,967.82"
"","Jordan","18,568.05","21,604.59","23,874.97","25,511.37","25,603.50","20,458.45","18,474.91","20,010.13","19,587.85","19,874.15"
"","Kazakhstan, Rep. of","33,036.61","39,848.21","44,757.97","50,033.21","44,183.23","31,352.55","28,887.83","35,353.19","38,092.69","43,035.52"
"","Kuwait","22,619.71","24,831.00","26,148.06","29,109.41","31,481.24","26,354.33","24,996.49","27,877.06","28,934.23","35,267.51"
"","Kyrgyz Rep.","6,545.66","8,229.13","9,161.39","9,590.86","9,470.32","7,184.33","8,171.65","8,782.51","9,288.23","10,436.82"
"","Lebanon","17,975.27","18,980.97","19,830.31","20,145.98","20,246.94","17,777.72","17,156.72","18,499.87","18,708.73","16,045.51"
"","Libya","21,138.38","8,065.49","21,907.76","26,777.65","19,013.83","12,500.41","9,899.64","9,473.52","12,790.42","15,711.60"
"","Mauritania, Islamic Rep. of","2,313.28","3,599.72","4,111.93","4,279.70","4,002.91","3,006.65","2,909.24","3,239.42","3,493.09","3,635.47"
"","Morocco","30,685.21","38,294.27","38,589.90","39,446.55","39,854.68","33,001.19","36,864.99","39,660.48","44,380.93","45,580.56"
"","Oman","20,847.71","25,041.01","30,557.10","34,191.65","33,303.91","32,625.92","31,358.31","34,480.53","35,372.61","32,381.13"
"","Pakistan","37,946.19","44,772.96","45,613.46","47,389.34","50,376.63","48,481.88","51,421.56","58,923.22","60,933.77","52,153.02"
"","Qatar","20,813.86","22,498.56","26,160.22","27,726.88","33,995.87","30,992.41","28,968.37","28,296.59","32,127.43","36,430.34"
"","Saudi Arabia","99,908.46","121,607.20","145,969.43","160,210.76","165,639.80","163,121.82","127,639.08","121,990.87","118,880.68","131,298.29"
"","Somalia","816.30","1,224.40","1,278.44","1,477.09","1,642.62","1,754.06","1,981.24","2,366.52","2,465.69","2,865.87"
"","Sudan","7,217.52","8,113.05","9,228.62","9,940.52","9,320.83","9,158.77","8,461.12","9,070.36","8,166.00","9,282.35"
"","Syrian Arab Rep.","19,622.97","16,651.03","8,008.03","6,344.90","7,381.56","5,489.06","4,501.01","5,078.50","5,506.30","5,835.80"
"","Tajikistan, Rep. of","3,407.71","4,422.70","4,305.98","4,529.75","5,334.02","3,830.02","3,558.65","3,421.48","3,844.33","4,235.09"
"","Tunisia","22,704.76","23,955.93","24,234.94","24,326.55","23,930.30","19,097.07","18,466.61","19,777.30","21,864.12","20,410.93"
"","Turkmenistan","4,267.21","6,013.18","7,755.67","7,587.21","7,889.47","5,732.59","4,973.79","3,752.65","2,217.69","2,823.96"
"","United Arab Emirates","185,259.70","226,109.14","262,445.72","270,990.86","274,266.47","241,891.11","229,298.74","234,019.28","227,451.72","229,421.85"
"","West Bank and Gaza","391.24","445.02","476.57","599.38","717.23","770.95","789.31","957.92","940.48","992.40"
"","Yemen, Rep. of","9,346.23","8,383.39","11,605.34","13,874.74","11,851.43","7,285.34","7,199.22","7,164.75","8,069.05","10,846.74"
"","Middle East and Central Asia not specified","944.93","1,004.05","974.11","1,109.89","19.30","0.55","17.10","32.65","45.75","35.47"
"","Other Countries not included elsewhere","12,309.76","13,878.20","14,634.53","15,469.25","13,357.06","11,989.73","11,124.82","11,329.05","10,583.33","8,716.94"
"","Cuba","8,665.86","9,991.22","10,372.00","11,094.22","9,296.73","8,486.53","7,639.55","7,758.55","7,971.54","5,926.73"
"","Korea, Dem. People's Rep. of","3,643.90","3,886.99","4,262.54","4,375.03","4,060.33","3,503.21","3,485.27","3,570.50","2,611.79","2,790.22"
"","Countries & Areas not specified","144,956.19","218,993.22","135,210.99","154,121.88","129,327.08","76,523.27","72,010.22","88,582.28","124,177.63","118,569.33"
"","Special Categories","42,066.34","54,062.31","60,480.92","59,191.95","52,708.47","44,415.16","42,638.46","48,243.55","60,958.20","56,862.21"
"","Memorandum Items","","","","","","","","","",""
"","Africa","405,889.48","518,174.42","526,768.87","548,466.03","566,808.94","472,081.57","430,283.11","452,359.51","491,525.37","494,893.89"
"","Middle East","624,404.07","685,685.85","778,563.96","805,922.80","833,619.93","734,102.17","666,240.01","689,835.98","691,747.45","701,909.09"
"","European Union","4,715,705.71","5,499,365.71","5,195,306.52","5,268,429.57","5,386,801.55","4,632,644.18","4,610,820.87","5,116,983.14","5,733,268.03","5,535,193.37"
"","Export earnings: fuel","981,501.43","1,179,698.62","1,318,943.05","1,368,123.41","1,357,329.97","1,081,921.89","966,110.63","1,027,977.19","1,056,592.09","1,073,614.57"
"","Export earnings: nonfuel","14,218,285.43","16,985,470.14","16,997,522.04","17,328,953.16","17,435,780.65","15,287,965.66","14,856,499.71","16,466,469.12","18,219,127.24","17,726,062.78"
